{
  "fp16_baseline": {
    "ppl": 5.726840019226074,
    "tokens": 308192,
    "time_s": 120.12846088409424
  },
  "int4_selective": {
    "ppl": 5.777413368225098,
    "tokens": 308192,
    "time_s": 118.44210457801819
  },
  "int4_all": {
    "ppl": 11.783888816833496,
    "tokens": 308192,
    "time_s": 118.30214524269104
  }
}