{
  "h100": {
    "fp16_warm": 1.0,
    "fp16_cold": 1.342657,
    "int4_warm": 1.853147,
    "int4_cold": 2.176573
  },
  "a100": {
    "fp16_warm": 1.0,
    "fp16_cold": 1.222222,
    "int4_warm": 1.925926,
    "int4_cold": 2.074074
  }
}